<?xml version="1.0" encoding="UTF-8"?>
<!DOCTYPE hibernate-mapping PUBLIC  
 "-//Hibernate/Hibernate Mapping DTD 3.0//EN"  
 "http://hibernate.sourceforge.net/hibernate-mapping-3.0.dtd">   
          
<hibernate-mapping>
<class name="com.nttdata.ManytoOne.Category">
<id name="categoryId"></id>
<property name="categoryName"></property>
</class>

<class name="com.nttdata.ManytoOne.Product">
<id name="productId"></id>
<property name="productName"></property>

<many-to-one name="category" column="cate" class="com.nttdata.ManytoOne.Category" cascade="all"></many-to-one>

</class>

</hibernate-mapping>

